label,name,notice,furigana
燃えないごみ,ICレコーダー,「燃えないごみ」または資源として市役所、東部・西部出張所の回収ボックスへ。電池は取り除き、「電池(資源)」へ。充電式電池はリサイクル協力店(電気店など)の回収ボックスへ,あ
燃えるごみ,アイスノン(保冷剤),,あ
燃えないごみ,アイスピック,先端を布等で巻き「刃物」と書く,あ
燃えないごみ,アイロン,,あ
燃えないごみ,アイロンビーズ,,あ
燃えないごみ,アタッシュケース,最大辺が50cmを超えるものは「粗大ごみ」,あ
燃えないごみ,アダプタ－(電源アダプタ－),「燃えないごみ」または資源として市役所、東部・西部出張所の回収ボックスへ,あ
燃えるごみ,油(食用),布や紙にしみこませるか固化剤で固める,あ
燃えるごみ,油紙(パラフィン紙),,あ
燃えないごみ,油のビン・ボトル,中身は使い切る,あ
燃えないごみ,雨具(かさ),,あ
燃えるごみ,雨具(カッパ・レインコート),レインコートは、ビニール製以外のものは「古布類(資源)」。汚れのひどいものは「燃えるごみ」,あ
新聞紙、雑誌・雑がみ、段ボール、シュレッダーくず、古布類、ふとん,アルバム,金属やプラスチック部分、フィルム、写真をすべて取り除くことができれば「雑がみ(資源)」。分別することが出来ない場合は、素材によって「燃えるごみ」か「燃えないごみ」でお出しください,あ
燃えないごみ,アルバム,金属やプラスチック部分、フィルム、写真をすべて取り除くことができれば「雑がみ(資源)」。分別することが出来ない場合は、素材によって「燃えるごみ」か「燃えないごみ」でお出しください,あ
燃えるごみ,アルバム,金属やプラスチック部分、フィルム、写真をすべて取り除くことができれば「雑がみ(資源)」。分別することが出来ない場合は、素材によって「燃えるごみ」か「燃えないごみ」でお出しください,あ
ビン、カン、ペットボトル、プラスチック容器（資源）,アルミ缶,水でかるくすすぐ。スチール缶との分別は不要。スーパーなどの自主的な店頭回収もご利用ください,あ
燃えるごみ,アルミコーティング袋(菓子・薬の包装),,あ
ビン、カン、ペットボトル、プラスチック容器（資源）,アルミなべ,取っ手が木やプラスチックでも資源,あ
燃えないごみ,アルミホイル(アルミ箔),,あ
ビン、カン、ペットボトル、プラスチック容器（資源）,アルミボトル缶,水でかるくすすぐ。フタは取り外して同じ袋に。スーパーなどの自主的な店頭回収もご利用ください,あ
ビン、カン、ペットボトル、プラスチック容器（資源）,アルミやかん,取っ手が木やプラスチックでも資源,あ
燃えないごみ,安全ピン,中身の見えるビンに入れて出すなど、通行人や収集作業員がケガをしないようにご協力を,あ
燃えるごみ,板(木),最大辺が50cmを超えるものは「粗大ごみ」(インターネット受付不可)。※もともと大きな板は、小さく切っても「粗大ごみ」です,い
燃えないごみ,板(金属・プラスチック・ガラス),最大辺が50cmを超えるものは「粗大ごみ」。※もともと大きな板は、小さく切っても「粗大ごみ」です,い
新聞紙、雑誌・雑がみ、段ボール、シュレッダーくず、古布類、ふとん,板紙,波形の中芯が入ったものは「段ボール」,い
燃えないごみ,ETC車載ユニット,「燃えないごみ」または資源として市役所、東部・西部出張所の回収ボックスへ,い
ビン、カン、ペットボトル、プラスチック容器（資源）,一升びん,水でかるくすすぐ(ラベルをはがす必要はありません)。フタは取り外して「燃えないごみ」。スーパーなどの自主的な店頭回収もご利用ください,い
燃えないごみ,一斗缶(灯油など),リサイクルセンターで処理できないため「燃えないごみ」。中身(液状の物)は市には出せません,い
燃えないごみ,鋳物(食器類),,い
燃えないごみ,イヤホン,「燃えないごみ」または資源として市役所、東部・西部出張所の回収ボックスへ,い
燃えるごみ,医薬品,薬の包装、容器は「燃えないごみ」,い
燃えるごみ,医療廃棄物(在宅医療廃棄物),チューブや採尿パックなど。採尿パックなどの汚物はトイレに流してから出してください,い
新聞紙、雑誌・雑がみ、段ボール、シュレッダーくず、古布類、ふとん,衣類(古着・古布),汚れのひどいものは「燃えるごみ」,い
燃えるごみ,入れ歯,衛生上、焼却処理します。福祉会館1階の回収ボックスにお持ちいただければリサイクルされます,い
ビン、カン、ペットボトル、プラスチック容器（資源）,色つきトレイ,食べ残しをぼろきれでふき取るか、水でかるくすすぐ。スーパーなどの自主的な店頭回収もご利用ください。,い
燃えないごみ,インクカートリッジ(ワープロ・パソコン用),できるだけ店頭のメーカー回収ボックスへ。市役所正面入り口にある回収ボックスにお持ちいただければ資源,い
燃えないごみ,インラインスケート・ローラースケート,,い
燃えないごみ,植木ばさみ,先端を布等で巻き「刃物」と書く。高枝切りばさみは「粗大ごみ」,う
燃えないごみ,植木鉢,土は取り除く(土は市には出せません)。最大辺が50cmを越えるものは「粗大ごみ」,う
燃えないごみ,植木鉢支柱,長さ1mのもの5本まで。折り曲げて袋に入れる,う
燃えるごみ,ウェットティッシュ,ボックスタイプの容器は「プラスチック容器(資源)」,う
燃えないごみ,ウェットスーツ,,う
燃えないごみ,ウォークマン(携帯音楽プレーヤー),「燃えないごみ」または資源として市役所、東部・西部出張所の回収ボックスへ。電池は取り除き、「電池(資源)」へ。充電式電池はリサイクル協力店(電気店など)の回収ボックスへ,う
燃えるごみ,浮き輪(ビニール製),,う
燃えるごみ,うちわ,分別困難なため,う
燃えないごみ,腕時計,「燃えないごみ」または資源として市役所、東部・西部出張所の回収ボックスへ。電池は取り除き、「電池(資源)」へ。充電式電池はリサイクル協力店(電気店など)の回収ボックスへ。取り除けない場合は本体を「電池(資源)」へ,う
新聞紙、雑誌・雑がみ、段ボール、シュレッダーくず、古布類、ふとん,羽毛ふとん,たたんで十字にしばって出す。大量に出る場合は、何回かに分けて出す,う
ビン、カン、ペットボトル、プラスチック容器（資源）,エアゾール缶,使い切ってから、スプレー缶・ガスカートリッジ缶だけを袋に入れて出す(他の資源と混ぜない)。プラスチックのフタは、取り外して「プラスチック容器（資源）」,え
ビン、カン、ペットボトル、プラスチック容器（資源）,栄養補助食品のビン,食べ残しをぼろきれでふき取るか、水でかるくすすぐ(ラベルをはがす必要はありません)。フタは取り外し、素材によって「カン(資源)」「燃えないごみ」「プラスチック容器(資源)」に出してください。スーパーなどの自主的な店頭回収もご利用ください,え
ビン、カン、ペットボトル、プラスチック容器（資源）,栄養補助食品のプラスチック容器,食べ残しをぼろきれでふき取るか、水でかるくすすぐ。スーパーなどの自主的な店頭回収もご利用ください,え
燃えないごみ,ACアダプター,「燃えないごみ」または資源として市役所、東部・西部出張所の回収ボックスへ,え
燃えないごみ,絵の具チューブ,中身は紙などに含ませて「燃えるごみ」,え
燃えないごみ,MD(音楽用エムディ－),ケースも「燃えないごみ」,え
燃えないごみ,LED電球,,え
燃えないごみ,延長コード,「燃えないごみ」または資源として市役所、東部・西部出張所の回収ボックスへ,え
燃えないごみ,鉛筆削り器,,え
燃えるごみ,オアシス(吸水性スポンジ),,お
燃えるごみ,オイル(食用),布や紙にしみこませるか固化剤で固める,お
燃えないごみ,オイル缶,中身が入っている場合は市には出せません,お
燃えないごみ,オイルびん(食用),中身が入っている場合は市には出せません,お
燃えないごみ,王冠,,お
燃えないごみ,桶(金属・プラスチック製),,お
燃えるごみ,桶(木製),,お
燃えないごみ,おしゃぶり(プラスチック製),,お
ビン、カン、ペットボトル、プラスチック容器（資源）,おそうざいの容器(プラスチック製),食べ残しをぼろきれでふき取るか、水でかるくすすぐ。スーパーなどの自主的な店頭回収もご利用ください,お
燃えないごみ,おたま(金属製・プラスチック製),,お
燃えるごみ,おたま(木製),,お
燃えるごみ,落ち葉,一度に出す量は5袋まで,お
燃えないごみ,おまる,汚物は取り除き、トイレへ,お
燃えるごみ,おむつ(紙・布),汚物は取り除き、トイレへ,お
燃えるごみ,おむつカバー,,お
燃えないごみ,おもちゃ(金属・プラスチック製),最大辺が50cmを越えるものは「粗大ごみ」（インターネット受付不可）。電池は取り除き、「電池(資源)」へ。充電式電池はリサイクル協力店(電気店など)の回収ボックスへ,お
燃えるごみ,おもちゃ(木製),最大辺が50cmを超えるものは「粗大ごみ」(インターネット受付不可),お
新聞紙、雑誌・雑がみ、段ボール、シュレッダーくず、古布類、ふとん,折り込みチラシ,新聞の折り込み広告・チラシは新聞紙と一緒に束ねる。そうでないものは「雑誌(本)・雑がみ(資源)」,お
燃えないごみ,温度計(アルコール式),,お
燃えないごみ,温度計(電子式),,お
ビン、カン、ペットボトル、プラスチック容器（資源）,温度計(水銀式),袋に「水銀」と書く,お
燃えないごみ,カーオーディオ,「燃えないごみ」または資源として市役所、東部・西部出張所の回収ボックスへ。最大辺が50cmを越えるものは「粗大ごみ」,か
燃えないごみ,カーナビ,「燃えないごみ」または資源として市役所、東部・西部出張所の回収ボックスへ,か
新聞紙、雑誌・雑がみ、段ボール、シュレッダーくず、古布類、ふとん,カーテン(レース含む),汚れのひどいものは「燃えるごみ」,か
燃えないごみ,カ－ド（クレジット・キャッシュなど）,切断するなど、使えないようにして出す,か
新聞紙、雑誌・雑がみ、段ボール、シュレッダーくず、古布類、ふとん,ガードル,汚れのひどいものは「燃えるごみ」,か
燃えるごみ,カーペット,1畳(180cm×90cm)を超える場合は「粗大ごみ」。大きさによっては切断していただく必要があります,か
燃えるごみ,カーボン紙,,か
燃えるごみ,貝がら,,か
燃えないごみ,懐中電灯,「燃えないごみ」または資源として市役所、東部・西部出張所の回収ボックスへ。電池は取り除き、「電池(資源)」へ。充電式電池はリサイクル協力店(電気店など)の回収ボックスへ,か
燃えるごみ,買い物袋(レジ袋),マイバッグ持参にご協力を,か
燃えないごみ,カイロ(金属製),,か
燃えるごみ,カイロ(使い捨て),,か
燃えないごみ,鏡(手鏡・板鏡),最大辺が50cmを超えるものは「粗大ごみ」,か
燃えないごみ,カギ,,か
燃えないごみ,額縁(金属・プラスチック製),最大辺が50cmを超えるものは「粗大ごみ」,か
燃えるごみ,額縁(木製),ガラス部分は「燃えないごみ」へ。最大辺が50cmを超えるものは「粗大ごみ」,か
燃えないごみ,掛時計,「燃えないごみ」または資源として市役所、東部・西部出張所の回収ボックスへ。電池は取り除き、「電池(資源)」へ。充電式電池はリサイクル協力店(電気店など)の回収ボックスへ。最大辺が50cmを超えるものは「粗大ごみ」(インターネット受付不可),か
燃えないごみ,かさ(雨傘・日傘),,か
燃えないごみ,傘たて(金属･プラスチック製),最大辺が50cmを超えるものは「粗大ごみ」（インターネット受付不可）,か
ビン、カン、ペットボトル、プラスチック容器（資源）,菓子缶(金属製),金属のフタは同じ袋に。スーパーなどの自主的な店頭回収もご利用ください,か
燃えないごみ,加湿器,最大辺が50cmを超えるものは「粗大ごみ」,か
ビン、カン、ペットボトル、プラスチック容器（資源）,菓子の中敷,袋の中に入っているトレイ。スーパーなどの自主的な店頭回収もご利用ください,か
新聞紙、雑誌・雑がみ、段ボール、シュレッダーくず、古布類、ふとん,菓子の箱(紙のみで出来た箱),,か
燃えるごみ,菓子の袋・包装(プラスチック製),アルミコーティングしてあるものも「燃えるごみ」,か
ビン、カン、ペットボトル、プラスチック容器（資源）,ガスカートリッジ缶,使い切ってから、スプレー缶・ガスカートリッジ缶だけを袋に入れて出す(他の資源と混ぜない)。プラスチックのフタは、取り外して「プラスチック容器（資源）」,か
燃えないごみ,ガステーブル・ガスコンロ(卓上用、1口),電池は取り除き、「電池(資源)」へ。充電式電池はリサイクル協力店(電気店など)の回収ボックスへ,か
燃えないごみ,ガスレンジマット(ｱﾙﾐ製),,か
燃えないごみ,カセットコンロ,電池は取り除き、「電池(資源)」へ。充電式電池はリサイクル協力店(電気店など)の回収ボックスへ,か
燃えないごみ,カセットテープ,「テープ」と書いて、ほかの燃えないごみと別の袋に入れてまとめて出す,か
ビン、カン、ペットボトル、プラスチック容器（資源）,カセットボンベ,使い切ってから、スプレー缶・ガスカートリッジ缶だけを袋に入れて出す(他の資源と混ぜない)。プラスチックのフタは、取り外して「プラスチック容器（資源）」,か
新聞紙、雑誌・雑がみ、段ボール、シュレッダーくず、古布類、ふとん,化繊の衣類,汚れのひどいものは「燃えるごみ」,か
新聞紙、雑誌・雑がみ、段ボール、シュレッダーくず、古布類、ふとん,カタログ,カバーや表紙にビニール類やラミネート加工紙など、紙以外のものが使われていたら取り除く,か
燃えるごみ,活性炭,,か
燃えないごみ,カッターナイフ,中身の見えるビンに入れて出すなど、通行人や収集作業員がケガをしないようにご協力を,か
燃えるごみ,カッパ(ビニール製),,か
新聞紙、雑誌・雑がみ、段ボール、シュレッダーくず、古布類、ふとん,カレンダー,金属やプラスチック部分は取り除く,か
燃えないごみ,革靴,,か
新聞紙、雑誌・雑がみ、段ボール、シュレッダーくず、古布類、ふとん,革製衣類(ジャンパー・ズボン),汚れのひどいものは「燃えるごみ」,か
ビン、カン、ペットボトル、プラスチック容器（資源）,カン(缶詰・キャットフード・ドッグフード・ジュース・ビール・粉ミルクなどのカン),食べ残しをぼろきれでふき取るか、水でかるくすすぐ。フタは取り外し、素材によって「カン(資源)」「燃えないごみ」「プラスチック容器(資源)」に出してください。スーパーなどの自主的な店頭回収もご利用ください,か
燃えないごみ,カン(ペンキ等の容器),中身は使い切る。中身が残っているものは市には出せませんので、販売店や処理業者にお問い合わせください,か
燃えないごみ,缶切り,,か
燃えるごみ,乾燥剤,生石灰の乾燥剤は少量の水で発火します。大量の水により十分に湿らせるか、空気中に放置して(使い切って)から出す,か
ビン、カン、ペットボトル、プラスチック容器（資源）,乾電池,おもちゃや電化製品などからも必ず抜く。充電式電池はリサイクル協力店(電気店など)の回収ボックスへ,か
燃えるごみ,感熱紙(コピー・ＦＡＸ用),雑がみか感熱紙かわからない場合も「燃えるごみ」,か
燃えないごみ,キーボード(コンピュ－タ用),単独で排出する場合のみ。本体と一緒に出す場合はメーカー回収に出してください,き
燃えるごみ,木づち,,き
燃えるごみ,キッチンマット(布製・ナイロン製),1畳(180cm×90cm)を超える場合は「粗大ごみ」,き
燃えないごみ,キッチンマット(ゴム製),1畳(180cm×90cm)を超える場合は「粗大ごみ」,き
燃えるごみ,木の板,最大辺が50cmを超えるものは「粗大ごみ」(インターネット受付不可)。※もともと大きな板は、小さく切っても「粗大ごみ」です,き
燃えるごみ,木の枝・幹(直径10cm以下),長さ50cm×直径30cm以下の束にし、1回の収集で5束までは「燃えるごみ」。長さや量がこれを超える場合は「粗大ごみ」(インターネット受付不可、業者がせん定したものは市には出せません),き
新聞紙、雑誌・雑がみ、段ボール、シュレッダーくず、古布類、ふとん,着物,汚れのひどいものは「燃えるごみ」,き
燃えるごみ,キャンバス,最大辺が50cmを超えるものは「粗大ごみ」(インターネット受付不可),き
燃えないごみ,急?,,き
燃えるごみ,牛乳パック,500cc未満のものは「燃えるごみ」,き
ビン、カン、ペットボトル、プラスチック容器（資源）,牛乳びん,水でかるくすすぐ。なるべく販売店に返却してください,き
燃えないごみ,給油ポンプ,電動式のものは電池は取り除き、「電池(資源)」へ。充電式電池はリサイクル協力店(電気店など)の回収ボックスへ,き
新聞紙、雑誌・雑がみ、段ボール、シュレッダーくず、古布類、ふとん,教科書,カバーや表紙にビニール類やラミネート加工紙など、紙以外のものが使われていたら取り除く,き
燃えるごみ,キルティング(コタツ掛け),,き
燃えるごみ,金銀紙,,き
燃えるごみ,金・銀色の段ボール,,き
燃えないごみ,金庫(てさげ金庫),最大辺が50cmを超えるものは「粗大ごみ」（インターネット受付不可）,き
燃えないごみ,クーラーボックス(プラスチック製),最大辺が50cmを超えるものは「粗大ごみ」,く
燃えないごみ,空気清浄機,最大辺が50cmを超えるものは「粗大ごみ」,く
燃えないごみ,空気ポンプ(手動),,く
燃えないごみ,くぎ,中身の見えるビンに入れて出すなど、通行人や収集作業員がケガをしないようにご協力を,く
燃えるごみ,草花,一度に出す量は5袋まで。大量に出る場合は、何回かに分けて出す(園芸業者などが刈ったものは市には出せません),く
燃えないごみ,串(金属製),新聞紙にくるむなど、通行人や収集作業員がケガをしないようにご協力を,く
燃えるごみ,串(竹製),新聞紙にくるむなど、通行人や収集作業員がケガをしないようにご協力を,く
燃えないごみ,薬(医薬品)の包装(カプセル・錠剤等のシート),作業の安全上「燃えないごみ」として処理します。薬(カプセル・錠剤)は「燃えるごみ」へ,く
燃えないごみ,薬(医薬品)の容器(ビン・プラスチック),作業の安全上「燃えないごみ」として処理します。薬は「燃えるごみ」へ,く
燃えるごみ,果物のネット,,く
燃えないごみ,靴(運動靴・革靴),,く
新聞紙、雑誌・雑がみ、段ボール、シュレッダーくず、古布類、ふとん,靴下,両足分そろっていないもの、汚れのひどいものは「燃えるごみ」,く
燃えるごみ,クッション,,く
燃えるごみ,クレヨン,,く
燃えないごみ,グロー管(点灯管),,く
燃えるごみ,軍手,,く
燃えないごみ,ケーブル,「燃えないごみ」または資源として市役所、東部・西部出張所の回収ボックスへ,け
燃えないごみ,ゲーム機(家庭用),「燃えないごみ」または資源として市役所、東部・西部出張所の回収ボックスへ,け
ビン、カン、ペットボトル、プラスチック容器（資源）,蛍光管,空き箱に入れるなど割れないようにする(丸型、電球型も「蛍光管(資源)」),け
燃えないごみ,携帯音楽プレーヤー,「燃えないごみ」または資源として市役所、東部・西部出張所の回収ボックスへ。電池は取り除き、「電池(資源)」へ。充電式電池はリサイクル協力店(電気店など)の回収ボックスへ,け
燃えないごみ,携帯型ゲ－ム機,「燃えないごみ」または資源として市役所、東部・西部出張所の回収ボックスへ。電池は取り除き、「電池(資源)」へ。充電式電池はリサイクル協力店(電気店など)の回収ボックスへ,け
燃えるごみ,毛糸玉,,け
新聞紙、雑誌・雑がみ、段ボール、シュレッダーくず、古布類、ふとん,毛糸のセーター(衣類),汚れのひどいものは「燃えるごみ」,け
燃えないごみ,化粧品のチューブ,,け
ビン、カン、ペットボトル、プラスチック容器（資源）,化粧品のビン,ぼろきれでふき取るか、水でかるくすすぐ(ラベルをはがす必要はありません)。スーパーなどの自主的な店頭回収もご利用ください,け
ビン、カン、ペットボトル、プラスチック容器（資源）,化粧品のプラスチック容器,ぼろきれでふき取るか、水でかるくすすぐ,け
燃えるごみ,げた(下駄),,け
燃えないごみ,ケチャップの容器(チューブ),中が洗えないため,け
ビン、カン、ペットボトル、プラスチック容器（資源）,血圧計(水銀),袋に「水銀」と書く,け
燃えないごみ,血圧計(電気),「燃えないごみ」または資源として市役所、東部・西部出張所の回収ボックスへ。電池は取り除き、「電池(資源)」へ。充電式電池はリサイクル協力店(電気店など)の回収ボックスへ,け
燃えるごみ,玄関マット(布・ナイロン製),1畳(180cm×90cm)を超える場合は「粗大ごみ」,け
燃えないごみ,剣山,中身の見えるビンに入れて出すなど、通行人や収集作業員がケガをしないようにご協力を,け
燃えないごみ,ゴーグル,,こ
新聞紙、雑誌・雑がみ、段ボール、シュレッダーくず、古布類、ふとん,コート,レインコートも、ビニール製以外のものは「古布類(資源)」。汚れのひどいものは「燃えるごみ」,こ
燃えないごみ,コーヒーメーカー(エスプレッソマシン),最大辺50cmを越えるものまたは、5kgを越えるものは「粗大ごみ」,こ
新聞紙、雑誌・雑がみ、段ボール、シュレッダーくず、古布類、ふとん,広告・チラシ,新聞の折り込み広告・チラシは新聞紙と一緒に束ねる。そうでないものは「雑誌(本)・雑がみ(資源)」,こ
燃えるごみ,ござ(敷物),1畳(180cm×90cm)を超える場合は「粗大ごみ」,こ
燃えるごみ,こたつ掛け・こたつ敷(キルティング),,こ
燃えるごみ,コップ(紙・木製),,こ
燃えないごみ,コップ(金属・ガラス・陶磁器・プラスチック製),陶磁器製の食器は「陶磁器食器のリサイクル」にお持ちいただくと資源になります（回収日の日時と場所は、市のホームページおよび市報でご案内します),こ
新聞紙、雑誌・雑がみ、段ボール、シュレッダーくず、古布類、ふとん,コピー用紙,,こ
燃えないごみ,ゴム,,こ
燃えないごみ,ゴムぞうり,,こ
燃えないごみ,米びつ(プラスチック製),最大辺が50cmを超えるものは「粗大ごみ」,こ
新聞紙、雑誌・雑がみ、段ボール、シュレッダーくず、古布類、ふとん,米袋(紙製),ビニール類やラミネート加工紙など、紙以外のものが使われていたら「燃えるごみ」,こ
燃えるごみ,米袋(プラスチック製),,こ
燃えないごみ,ゴルフシューズ,,こ
燃えないごみ,ゴルフボール,,こ
燃えないごみ,コンセント,,こ
燃えないごみ,サインペン,,さ
燃えるごみ,酒パック,アルミコーティングされているものも「紙パック(拠点回収)」。500cc未満のものは「燃えるごみ」。プラスチックのフタは取り外して「プラスチック容器（資源）」スーパーなどの自主的な店頭回収もご利用ください,さ
新聞紙、雑誌・雑がみ、段ボール、シュレッダーくず、古布類、ふとん,雑誌,カバーや表紙にビニール類やラミネート加工紙など、紙以外のものが使われていたら取り除く,さ
ビン、カン、ペットボトル、プラスチック容器（資源）,殺虫剤スプレー缶,使い切ってから、スプレー缶・ガスカートリッジ缶だけを袋に入れて出す(他の資源と混ぜない)。プラスチックのフタは、取り外して「プラスチック容器（資源）」,さ
燃えるごみ,座ぶとん(綿・ウレタン),大量に出る場合は、何回かに分けて出す,さ
燃えるごみ,皿・丼類(紙・木製),,さ
燃えないごみ,皿・丼類(金属・ガラス・陶磁器・プラスチック製),陶磁器製の食器は「陶磁器食器のリサイクル」にお持ちいただくと資源になります（回収日の日時と場所は、市のホームページおよび市報でご案内します),さ
燃えないごみ,サングラス,,さ
燃えないごみ,サンダル(ゴム製),,さ
燃えるごみ,サンダル(木製),,さ
新聞紙、雑誌・雑がみ、段ボール、シュレッダーくず、古布類、ふとん,シーツ,汚れのひどいものは「燃えるごみ」,し
新聞紙、雑誌・雑がみ、段ボール、シュレッダーくず、古布類、ふとん,ジーンズ,汚れのひどいものは「燃えるごみ」,し
新聞紙、雑誌・雑がみ、段ボール、シュレッダーくず、古布類、ふとん,ＣＤ・MＤ歌詞カード,表紙にビニール類やラミネート加工紙など、紙以外のものが使われていたら取り除く,し
燃えないごみ,ＣＤ・MＤ,ディスクもケースも「燃えないごみ」,し
燃えないごみ,ＣＤラジカセ,最大辺が50cmを越えるものは「粗大ごみ」。電池は取り除き、「電池(資源)」へ。充電式電池はリサイクル協力店(電気店など)の回収ボックスへ,し
燃えないごみ,ＣＤ－Ｒ(ＲＯM),重要なデータは消去するか、壊して出す,し
燃えるごみ,敷物(じゅうたん・ござ・ホットカーペット・磁気マット),1畳(180cm×90cm)を超える場合は「粗大ごみ」。大きさによっては切断していただく必要があります,し
燃えないごみ,磁石,,し
新聞紙、雑誌・雑がみ、段ボール、シュレッダーくず、古布類、ふとん,辞書・辞典,ビニールの表紙などは取り除く,し
新聞紙、雑誌・雑がみ、段ボール、シュレッダーくず、古布類、ふとん,下着(肌着),汚れのひどいものは「燃えるごみ」,し
燃えるごみ,下着(パンツ),,し
燃えないごみ,七輪,,し
燃えるごみ,湿布薬,,し
燃えないごみ,湿布薬の袋(アルミ),「プラ」マーク付なら「燃えるごみ」,し
燃えるごみ,湿布薬の袋(プラスチック製),,し
燃えないごみ,自転車の子供用イス,最大辺が50cmを越えるものは「粗大ごみ」,し
燃えないごみ,自転車のタイヤ(ホイールなし),,し
燃えないごみ,自転車用空気入れ(手動),,し
燃えるごみ,竹刀(木刀),5本以上出す場合は「粗大ごみ」,し
燃えるごみ,写真,,し
燃えないごみ,シャベル,,し
ビン、カン、ペットボトル、プラスチック容器（資源）,ジャムのビン,食べ残しをぼろきれでふき取るか、水でかるくすすぐ(ラベルをはがす必要はありません)。フタは取り外し、素材によって「カン(資源)」「燃えないごみ」「プラスチック容器(資源)」に出してください。スーパーなどの自主的な店頭回収もご利用ください,し
ビン、カン、ペットボトル、プラスチック容器（資源）,シャンプーボトル,ぼろきれでふき取るか、水でかるくすすぐ(ラベルをはがす必要はありません)。ノズルは取り外して「燃えないごみ」、フタは取り外して「プラスチック容器(資源)」,し
新聞紙、雑誌・雑がみ、段ボール、シュレッダーくず、古布類、ふとん,週刊誌,カバーや表紙にビニール類やラミネート加工紙など、紙以外のものが使われていたら取り除く,し
燃えないごみ,ジューサー・ミキサー,最大辺が50cmを超えるものは「粗大ごみ」（インターネット受付不可）,し
燃えないごみ,シューズ(靴),,し
燃えるごみ,じゅうたん(敷物),1畳(180cm×90cm)を超える場合は「粗大ごみ」。大きさによっては切断していただく必要があります,し
燃えないごみ,充電器,「燃えないごみ」または資源として市役所、東部・西部出張所の回収ボックスへ,し
燃えないごみ,シュレッダー,手動で最大辺50cm未満のものは「燃えないごみ」,し
新聞紙、雑誌・雑がみ、段ボール、シュレッダーくず、古布類、ふとん,シュレッダーした紙資源,透明または半透明の袋に入れてください,し
燃えないごみ,ジョイントマット,1枚で最大辺が50cmを越えるものまたは、つなげて1畳以上のものは「粗大ごみ」,し
燃えないごみ,浄水器,最大辺が50cmを超えるものは「粗大ごみ」（インターネット受付不可）,し
ビン、カン、ペットボトル、プラスチック容器（資源）,しょうゆのボトル,水でかるくすすぐ(ラベルをはがす必要はありません)。フタ(キャップ)は取り外して「プラスチック容器(資源)」へ。スーパーなどの自主的な店頭回収もご利用ください,し
燃えないごみ,ジョウロ,,し
燃えるごみ,食用油,布や紙にしみこませるか固化剤で固める,し
燃えないごみ,除湿機,最大辺が50cmを越えるものは「粗大ごみ」。電池は取り除き、「電池(資源)」へ。充電式電池はリサイクル協力店(電気店など)の回収ボックスへ,し
燃えるごみ,除湿剤,,し
ビン、カン、ペットボトル、プラスチック容器（資源）,除湿剤の容器,中身を取り除き、ぼろきれでふき取るか、水でかるくすすぐ,し
燃えるごみ,食器(紙・木製),,し
燃えないごみ,食器(金属・ガラス・陶磁器・プラスチック製),陶磁器製の食器は「陶磁器食器のリサイクル」にお持ちいただくと資源になります（回収日の日時と場所は、市のホームページおよび市報でご案内します),し
新聞紙、雑誌・雑がみ、段ボール、シュレッダーくず、古布類、ふとん,新聞紙,新聞の折り込み広告・チラシは新聞紙と一緒に束ねる,し
新聞紙、雑誌・雑がみ、段ボール、シュレッダーくず、古布類、ふとん,スーツ(背広),汚れのひどいものは「燃えるごみ」,す
燃えないごみ,水筒,,す
燃えないごみ,炊飯器(電気釜・ジャー),1升炊きを超えるものは「粗大ごみ」（インターネット受付不可）,す
燃えないごみ,据置型ゲーム機,「燃えないごみ」または資源として市役所、東部・西部出張所の回収ボックスへ,す
新聞紙、雑誌・雑がみ、段ボール、シュレッダーくず、古布類、ふとん,スキーウェア,汚れのひどいものは「燃えるごみ」,す
燃えないごみ,スキー靴,,す
燃えないごみ,スケート靴,,す
燃えないごみ,スコップ(金属・プラスチック製),木の柄はできれば取り外して「燃えるごみ」へ。5本以上出す場合、長さ1mを超えるものの場合は「粗大ごみ」（インターネット受付不可）,す
燃えないごみ,硯(すずり),,す
燃えないごみ,スタンプ台,,す
ビン、カン、ペットボトル、プラスチック容器（資源）,スチール缶,水でかるくすすぐ。アルミ缶との分別は不要。スーパーなどの自主的な店頭回収もご利用ください,す
燃えるごみ,ストッキング(ナイロン製),,す
燃えないごみ,ストロー,,す
燃えないごみ,スニーカー(靴),,す
燃えないごみ,スパイクシューズ,,す
燃えないごみ,スピーカー,最大辺が30cmを越えるものは「粗大ごみ」,す
燃えないごみ,スプーン(金属・プラスチック製),,す
燃えるごみ,スプーン(木製),,す
ビン、カン、ペットボトル、プラスチック容器（資源）,スプレー缶(ガス・化粧品・殺虫剤・塗料用),使い切ってから、スプレー缶・ガスカートリッジ缶だけを袋に入れて出す(他の資源と混ぜない)。プラスチックのフタは、取り外して「プラスチック容器（資源）」,す
燃えるごみ,スポンジ,,す
燃えるごみ,炭(木炭・豆炭・練炭),水で十分に湿らせてから出す,す
燃えるごみ,スリッパ(布製),,す
燃えないごみ,スリッパ(ビニール製),,す
新聞紙、雑誌・雑がみ、段ボール、シュレッダーくず、古布類、ふとん,セーター(毛糸),汚れのひどいものは「燃えるごみ」,せ
燃えるごみ,生理用品,衛生上、焼却処理します,せ
燃えないごみ,石油ポンプ,電動式のものからは電池を取り除き、「電池(資源)」へ,せ
燃えるごみ,雪駄(草履),「ゴムぞうり」は「燃えないごみ」,せ
燃えないごみ,せともの(食器類),陶磁器製の食器は「陶磁器食器のリサイクル」にお持ちいただくと資源になります（回収日の日時と場所は、市のホームページおよび市報でご案内します),せ
新聞紙、雑誌・雑がみ、段ボール、シュレッダーくず、古布類、ふとん,背広(スーツ),汚れのひどいものは「燃えるごみ」,せ
燃えるごみ,洗剤の紙箱,,せ
ビン、カン、ペットボトル、プラスチック容器（資源）,洗剤のボトル・容器(プラスチック製),中身を使い切り、水でかるくすすぐ。ノズルは外して「燃えないごみ」、フタ(キャップ)は外して「プラスチック容器(資源)」,せ
燃えないごみ,洗面器(プラスチック製),,せ
ビン、カン、ペットボトル、プラスチック容器（資源）,そうざいの容器,食べ残しをぼろきれでふき取るか、水でかるくすすぐ。スーパーなどの自主的な店頭回収もご利用ください,そ
燃えるごみ,草履,ゴム草履は「燃えないごみ」,そ
ビン、カン、ペットボトル、プラスチック容器（資源）,体温計(水銀),袋に「水銀」と書く,た
燃えないごみ,体温計(デジタル),「燃えないごみ」または資源として市役所、東部・西部出張所の回収ボックスへ,た
燃えないごみ,体重計(機械式),,た
燃えないごみ,体重計(デジタル式),「燃えないごみ」または資源として市役所、東部・西部出張所の回収ボックスへ。電池は取り除き、「電池(資源)」へ。充電式電池はリサイクル協力店(電気店など)の回収ボックスへ,た
新聞紙、雑誌・雑がみ、段ボール、シュレッダーくず、古布類、ふとん,体操着(ジャージ),汚れのひどいものは「燃えるごみ」,た
燃えるごみ,台所マット(布製・ナイロン性),1畳(180cm×90cm)を超える場合は「粗大ごみ」,た
燃えないごみ,タイヤ(自転車用),ホイール付きは「粗大ごみ」,た
燃えないごみ,タイヤチェーン,ケース入りセットで出す場合や、最大辺が50cmを超えるものは「粗大ごみ」,た
新聞紙、雑誌・雑がみ、段ボール、シュレッダーくず、古布類、ふとん,ダイレクトメール,窓付き封筒のセロハンは取り除いて「燃えるごみ」,た
新聞紙、雑誌・雑がみ、段ボール、シュレッダーくず、古布類、ふとん,ダウンジャケット,汚れのひどいものは「燃えるごみ」,た
新聞紙、雑誌・雑がみ、段ボール、シュレッダーくず、古布類、ふとん,タオル,汚れのひどいものは「燃えるごみ」,た
新聞紙、雑誌・雑がみ、段ボール、シュレッダーくず、古布類、ふとん,タオルケット,汚れのひどいものは「燃えるごみ」,た
燃えないごみ,卓上計算機,「燃えないごみ」または資源として市役所、東部・西部出張所の回収ボックスへ,た
燃えるごみ,脱臭剤,,た
ビン、カン、ペットボトル、プラスチック容器（資源）,脱臭剤の容器,中身を取り除き、ぼろきれでふき取るか、水でかるくすすぐ。スプレー缶タイプのものは使い切ってから、スプレー缶だけを袋に入れて出す(他の資源と混ぜない)。プラスチックのフタは、取り外して「プラスチック容器（資源）」,た
燃えないごみ,タッパー(台所用・弁当箱),商品として売っているもの,た
新聞紙、雑誌・雑がみ、段ボール、シュレッダーくず、古布類、ふとん,たばこの箱,包装フィルム、アルミ紙は取り除き、「燃えるごみ」へ,た
ビン、カン、ペットボトル、プラスチック容器（資源）,卵パック(プラスチック製),スーパーなどの自主的な店頭回収もご利用ください,た
新聞紙、雑誌・雑がみ、段ボール、シュレッダーくず、古布類、ふとん,卵パック(紙製),,た
燃えるごみ,たわし,金たわしは「燃えないごみ」,た
新聞紙、雑誌・雑がみ、段ボール、シュレッダーくず、古布類、ふとん,単行本,カバーや表紙にビニール類やラミネート加工紙など、紙以外のものが使われていたら取り除く,た
新聞紙、雑誌・雑がみ、段ボール、シュレッダーくず、古布類、ふとん,段ボール,波形の中芯が入ったもの。それ以外の板紙(ボール紙)は「雑誌(本)・雑がみ(資源)」,た
燃えるごみ,茶がら,水切りをお願いします,ち
ビン、カン、ペットボトル、プラスチック容器（資源）,茶筒(金属製),水でかるくすすぐ。金属のフタは同じ袋に。スーパーなどの自主的な店頭回収もご利用ください,ち
燃えるごみ,茶筒(木製),,ち
燃えないごみ,茶碗,陶磁器製の食器は「陶磁器食器のリサイクル」にお持ちいただくと資源になります（回収日の日時と場所は、市のホームページおよび市報でご案内します),ち
燃えないごみ,チューブ状の容器,中が洗えないため,ち
ビン、カン、ペットボトル、プラスチック容器（資源）,調味料のビン,食べ残しをぼろきれでふき取るか、水でかるくすすぐ(ラベルをはがす必要はありません)。フタは取り外し、素材によって「カン(資源)」「燃えないごみ」「プラスチック容器(資源)」に出してください。スーパーなどの自主的な店頭回収もご利用ください,ち
ビン、カン、ペットボトル、プラスチック容器（資源）,調味料のペットボトル,水でかるくすすぐ(ラベルをはがす必要はありません)。フタ(キャップ)は取り外して「プラスチック容器(資源)」へ。スーパーなどの自主的な店頭回収もご利用ください,ち
燃えるごみ,チョコレートの銀紙,「紙マーク」が付いていても「燃えるごみ」,ち
新聞紙、雑誌・雑がみ、段ボール、シュレッダーくず、古布類、ふとん,チラシ(広告),新聞の折り込み広告・チラシは新聞紙と一緒に束ねる。そうでないものは「雑誌(本)・雑がみ(資源)」,ち
新聞紙、雑誌・雑がみ、段ボール、シュレッダーくず、古布類、ふとん,通販カタログ,カバーや表紙にビニール類やラミネート加工紙など、紙以外のものが使われていたら取り除く,つ
燃えるごみ,使い捨てカイロ,,つ
ビン、カン、ペットボトル、プラスチック容器（資源）,使い捨てライター,使い切ってから、ライターだけを袋に入れて出す(他の資源と混ぜない),つ
燃えないごみ,ツナ缶,きれいに洗ってあれば「カン(資源)」,つ
燃えるごみ,詰め替え用パック,洗剤、シャンプー等,つ
燃えるごみ,釣り糸(ナイロン製),,つ
燃えないごみ,釣り竿,竹製ならば「燃えるごみ」。5本以上は「粗大ごみ」（インターネット受付不可）,つ
燃えないごみ,釣り針・ルアー,中身の見えるビンに入れて出すなど、通行人や収集作業員がケガをしないようにご協力を,つ
新聞紙、雑誌・雑がみ、段ボール、シュレッダーくず、古布類、ふとん,テーブルクロス(布製),汚れのひどいものは「燃えるごみ」,て
燃えないごみ,テーブルクロス(ビニール製),,て
燃えるごみ,低反発まくら,,て
新聞紙、雑誌・雑がみ、段ボール、シュレッダーくず、古布類、ふとん,Ｔシャツ,汚れのひどいものは「燃えるごみ」,て
燃えないごみ,ＤＶＤディスク,,て
燃えないごみ,ＤＶＤプレーヤー(携帯型),「燃えないごみ」または資源として市役所、東部・西部出張所の回収ボックスへ。電池は取り除き、「電池(資源)」へ。充電式電池はリサイクル協力店(電気店など)の回収ボックスへ,て
新聞紙、雑誌・雑がみ、段ボール、シュレッダーくず、古布類、ふとん,ティッシュペーパーの紙箱,ビニールの部分は「燃えるごみ」,て
燃えないごみ,デジタルカメラ,「燃えないごみ」または資源として市役所、東部・西部出張所の回収ボックスへ。電池は取り除き、「電池(資源)」へ。充電式電池はリサイクル協力店(電気店など)の回収ボックスへ,て
燃えないごみ,デスクマット,,て
新聞紙、雑誌・雑がみ、段ボール、シュレッダーくず、古布類、ふとん,手帳,ビニール類やラミネート加工紙、止め具などの紙以外の部分は取り除く,て
燃えないごみ,テニスボール,,て
新聞紙、雑誌・雑がみ、段ボール、シュレッダーくず、古布類、ふとん,手袋,両手分そろっていないもの、汚れのひどいもの、軍手やゴム・ナイロン製のものは「燃えるごみ」,て
燃えないごみ,テレビゲ－ム機(家?用),「燃えないごみ」または資源として市役所、東部・西部出張所の回収ボックスへ,て
燃えるごみ,テレホンカード,,て
燃えないごみ,電気あんか,,て
燃えないごみ,電気カミソリ(シェーバー),「燃えないごみ」または資源として市役所、東部・西部出張所の回収ボックスへ。電池は取り除き、「電池(資源)」へ。充電式電池はリサイクル協力店(電気店など)の回収ボックスへ,て
燃えないごみ,電気コード,「燃えないごみ」または資源として市役所、東部・西部出張所の回収ボックスへ,て
燃えないごみ,電気スタンド,蛍光管は取り外し、「蛍光管(資源)」へ。最大辺が50cmを超えるものは「粗大ごみ」,て
燃えないごみ,電気バリカン,「燃えないごみ」または資源として市役所、東部・西部出張所の回収ボックスへ。電池は取り除き、「電池(資源)」へ。充電式電池はリサイクル協力店(電気店など)の回収ボックスへ,て
燃えないごみ,電気ポット,,て
燃えるごみ,電気毛布,ソケット・コードは取り外して「燃えないごみ」,て
燃えないごみ,電球(白熱球・LED電球),,て
ビン、カン、ペットボトル、プラスチック容器（資源）,電球(電球型蛍光管),,て
燃えないごみ,電子血圧計,「燃えないごみ」または資源として市役所、東部・西部出張所の回収ボックスへ。電池は取り除き、「電池(資源)」へ。充電式電池はリサイクル協力店(電気店など)の回収ボックスへ,て
燃えないごみ,電子体温計(デジタル),「燃えないごみ」または資源として市役所、東部・西部出張所の回収ボックスへ。電池は取り除き、「電池(資源)」へ。充電式電池はリサイクル協力店(電気店など)の回収ボックスへ。取り除けない場合は本体を「電池(資源)」へ。水銀体温計は「水銀体温計・水銀血圧計(資源)」,て
燃えないごみ,電子体重計,「燃えないごみ」または資源として市役所、東部・西部出張所の回収ボックスへ。電池は取り除き、「電池(資源)」へ。充電式電池はリサイクル協力店(電気店など)の回収ボックスへ,て
燃えないごみ,電子手帳,「燃えないごみ」または資源として市役所、東部・西部出張所の回収ボックスへ。電池は取り除き、「電池(資源)」へ。充電式電池はリサイクル協力店(電気店など)の回収ボックスへ,て
燃えないごみ,天体望遠鏡,最大辺が50cmを超えるものは「粗大ごみ」（インターネット受付不可）,て
燃えないごみ,電卓(計算機),「燃えないごみ」または資源として市役所、東部・西部出張所の回収ボックスへ。電池は取り除き、「電池(資源)」へ。充電式電池はリサイクル協力店(電気店など)の回収ボックスへ,て
ビン、カン、ペットボトル、プラスチック容器（資源）,電池(乾電池),おもちゃや電化製品などからも必ず抜く。充電式電池はリサイクル協力店(電気店など)の回収ボックスへ,て
燃えないごみ,電動歯ブラシ,「燃えないごみ」または資源として市役所、東部・西部出張所の回収ボックスへ。電池は取り除き、「電池(資源)」へ。充電式電池はリサイクル協力店(電気店など)の回収ボックスへ,て
新聞紙、雑誌・雑がみ、段ボール、シュレッダーくず、古布類、ふとん,伝票類,複写式のものは「燃えるごみ」,て
燃えないごみ,電話機,「燃えないごみ」または資源として市役所、東部・西部出張所の回収ボックスへ。子機などから電池は取り除き、「電池(資源)」へ。充電式電池はリサイクル協力店(電気店など)の回収ボックスへ,て
新聞紙、雑誌・雑がみ、段ボール、シュレッダーくず、古布類、ふとん,電話帳,,て
燃えないごみ,トースター,パンが2枚焼ける程度のもの(レンジ機能付きは「粗大ごみ」),と
燃えないごみ,砥石,,と
新聞紙、雑誌・雑がみ、段ボール、シュレッダーくず、古布類、ふとん,トイレットペーパーの芯,,と
燃えないごみ,陶磁器(焼き物),陶磁器製の食器は「陶磁器食器のリサイクル」にお持ちいただくと資源になります（回収日の日時と場所は、市のホームページおよび市報でご案内します),と
ビン、カン、ペットボトル、プラスチック容器（資源）,豆腐パック,食べ残しをぼろきれでふき取るか、水でかるくすすぐ,と
燃えないごみ,時計,「燃えないごみ」または資源として市役所、東部・西部出張所の回収ボックスへ。電池は取り除き、「電池(資源)」へ。充電式電池はリサイクル協力店(電気店など)の回収ボックスへ。最大辺が50cmを超えるものは「粗大ごみ」(インターネット受付不可),と
燃えないごみ,土鍋,,と
燃えないごみ,ドライバー(家?用工具),,と
燃えないごみ,ドライヤー,「燃えないごみ」または資源として市役所、東部・西部出張所の回収ボックスへ,と
ビン、カン、ペットボトル、プラスチック容器（資源）,トレイ(色・柄つき),食べ残しをぼろきれでふき取るか、水でかるくすすぐ。スーパーなどの自主的な店頭回収もご利用ください,と
燃えるごみ,トレーシングペーパー,,と
燃えないごみ,ドレッシングのビン,きれいに洗ってあれば「ビン(資源)」。フタは取り外し、素材によって「カン(資源)」「燃えないごみ」「プラスチック容器(資源)」に出してください,と
燃えないごみ,長靴(ゴム),,な
燃えるごみ,納豆の容器(紙製),,な
燃えないごみ,納豆の容器(プラスチック製),きれいな物は「プラスチック容器(資源)」,な
燃えるごみ,ナプキン,,な
燃えないごみ,なべ(陶器製・ガラス製),,な
ビン、カン、ペットボトル、プラスチック容器（資源）,なべ(金属製),取っ手が木やプラスチックでも資源,な
燃えるごみ,生ごみ,減量化、水切りをお願いします,な
燃えるごみ,荷づくりひも(ビニールひも),,に
燃えるごみ,荷札,,に
燃えないごみ,人形(プラスチック製),最大辺が50cmを超えるものは「粗大ごみ」（インターネット受付不可）,に
燃えないごみ,人形ケース,最大辺が50cmを超えるものは「粗大ごみ」,に
新聞紙、雑誌・雑がみ、段ボール、シュレッダーくず、古布類、ふとん,ぬいぐるみ,最大辺が30cm未満で、リユース可能なもの（汚れたり、やぶれたり、こわれたりしていないもの）は「古布類(資源)」。それ以外のもので、1m以内のものは「燃えるごみ」。1mを越えるものは「粗大ごみ」(インターネット受付不可),ぬ
燃えるごみ,ぬいぐるみ,最大辺が30cm未満で、リユース可能なもの（汚れたり、やぶれたり、こわれたりしていないもの）は「古布類(資源)」。それ以外のもので、1m以内のものは「燃えるごみ」。1mを越えるものは「粗大ごみ」(インターネット受付不可),ぬ
燃えないごみ,縫い針,中身の見えるビンに入れて出すなど、通行人や収集作業員がケガをしないようにご協力を,ぬ
燃えるごみ,布きれ(はぎれ),,ぬ
燃えるごみ,ネガフィルム,,ね
新聞紙、雑誌・雑がみ、段ボール、シュレッダーくず、古布類、ふとん,ネクタイ,リユース可能なもの（汚れたり、やぶれたり、こわれたりしていないもの）のみ,ね
新聞紙、雑誌・雑がみ、段ボール、シュレッダーくず、古布類、ふとん,ネグリジェ,汚れのひどいものは「燃えるごみ」,ね
燃えるごみ,猫砂・ペット砂(紙製・粘土鉱物),原材料を確認。単純な砂の場合は市には出せません,ね
燃えるごみ,熱冷まし用シート,,ね
燃えるごみ,ネット(果物を包むもの),,ね
燃えるごみ,ネット(園芸用など),細かく切る。金属製のワイヤーは「燃えないごみ」,ね
燃えるごみ,寝袋(ナイロン製),,ね
燃えるごみ,粘着テープ,,ね
燃えるごみ,粘土(油粘土・紙粘土),少量(こぶし大程度)に分ける,ね
新聞紙、雑誌・雑がみ、段ボール、シュレッダーくず、古布類、ふとん,ノート,カバーや表紙にビニール類やラミネート加工紙など、紙以外のものが使われていたら取り除く,の
燃えないごみ,農薬びん,中身が入っている場合は市には出せません,の
燃えないごみ,のこぎり(手引き),布等で巻き「刃物」と書く,の
燃えないごみ,のこぎり(電動),最大辺が50cmを超えるものは「粗大ごみ」（インターネット受付不可）,の
燃えないごみ,ノズル(バネ入り),,の
燃えるごみ,ノンカーボン紙,,の
燃えないごみ,ハードディスク,「燃えないごみ」または資源として市役所、東部・西部出張所の回収ボックスへ,は
燃えないごみ,灰皿,,は
燃えるごみ,廃油(食用油),布や紙にしみこませるか固化剤で固める,は
新聞紙、雑誌・雑がみ、段ボール、シュレッダーくず、古布類、ふとん,バインダー(紙製),金属やプラスチック部分は取り除く。取れない場合は「燃えないごみ」,は
燃えないごみ,バインダー(プラスチック製),,は
新聞紙、雑誌・雑がみ、段ボール、シュレッダーくず、古布類、ふとん,はがき,宛名等の個人情報が気になる場合は「はがき回収ボックス」へ。,は
燃えないごみ,白熱電球,,は
燃えないごみ,バケツ,最大辺が50cmを超えるものは「粗大ごみ」（インターネット受付不可）,は
燃えないごみ,はさみ,布等で巻き「刃物」と書く,は
燃えないごみ,はし(金属・プラスチック製),,は
燃えるごみ,はし(木・竹製),,は
新聞紙、雑誌・雑がみ、段ボール、シュレッダーくず、古布類、ふとん,バスタオル,汚れのひどいものは「燃えるごみ」,は
燃えるごみ,バスマット,,は
新聞紙、雑誌・雑がみ、段ボール、シュレッダーくず、古布類、ふとん,肌着,汚れのひどいものは「燃えるごみ」,は
燃えないごみ,バット(金属・プラスチック製),5本以上出す場合は「粗大ごみ」,は
燃えるごみ,バット(木製),5本以上出す場合は「粗大ごみ」,は
燃えないごみ,発泡スチロール,,は
燃えるごみ,花火,水で十分に湿らせる,は
燃えないごみ,歯ブラシ,,は
ビン、カン、ペットボトル、プラスチック容器（資源）,歯ブラシの包装(プラスチック製),紙の部分は「燃えるごみ」,は
燃えないごみ,歯磨き粉のチューブ,中が洗えないため,は
燃えないごみ,刃物,布等で巻き「刃物」と書く,は
燃えないごみ,針,中身の見えるビンに入れて出すなど、通行人や収集作業員がケガをしないようにご協力を,は
燃えないごみ,針金,,は
燃えないごみ,ハンガー(針金、プラスチック製),,は
燃えるごみ,ハンガー(木製),柄の部分(金属製)が取れれば、柄は「燃えないごみ」,は
燃えないごみ,ハンマー,柄の部分(木製)が取れれば、柄は「燃えるごみ」,は
燃えないごみ,ビー玉,,ひ
燃えないごみ,ビ－チサンダル,,ひ
ビン、カン、ペットボトル、プラスチック容器（資源）,ビールびん,水でかるくすすぐ(ラベルをはがす必要はありません)。できるだけ販売店に返却してください,ひ
燃えないごみ,ＢＳチューナー,,ひ
燃えないごみ,ひげ剃り(安全かみそり),刃は購入時のケースに入れるなど安全対策をお願いします,ひ
燃えないごみ,ひげ剃り(電気),「燃えないごみ」または資源として市役所、東部・西部出張所の回収ボックスへ。電池は取り除き、「電池(資源)」へ。充電式電池はリサイクル協力店(電気店など)の回収ボックスへ,ひ
燃えないごみ,ビデオカメラ,「燃えないごみ」または資源として市役所、東部・西部出張所の回収ボックスへ。電池は取り除き、「電池(資源)」へ。充電式電池はリサイクル協力店(電気店など)の回収ボックスへ,ひ
燃えないごみ,ビデオテープ,「テープ」と書いて、ほかの燃えないごみと別の袋に入れてまとめて出す,ひ
燃えるごみ,ビニールシート(風呂敷等),大きなものはできるだけ細かく切って出してください,ひ
燃えるごみ,ビニールコーティング紙,,ひ
燃えるごみ,ビニール袋・レジ袋,,ひ
燃えるごみ,避妊具,衛生上、焼却処理します,ひ
新聞紙、雑誌・雑がみ、段ボール、シュレッダーくず、古布類、ふとん,百科事典,カバーや表紙にビニール類やラミネート加工紙など、紙以外のものが使われていたら取り除く,ひ
燃えないごみ,ピン,中身の見えるビンに入れて出すなど、通行人や収集作業員がケガをしないようにご協力を,ひ
ビン、カン、ペットボトル、プラスチック容器（資源）,ビン(化粧品のビン),ぼろきれでふき取るか、水でかるくすすぐ(ラベルをはがす必要はありません)。スーパーなどの自主的な店頭回収もご利用ください,ひ
燃えないごみ,ビン(シンナー・塗料・オイル等),中身が入っている場合は市には出せません,ひ
ビン、カン、ペットボトル、プラスチック容器（資源）,ビン(ドリンク・酒類),水でかるくすすぐ(ラベルをはがす必要はありません)。フタは取り外し、素材によって「カン(資源)」「燃えないごみ」「プラスチック容器(資源)」に出してください。スーパーなどの自主的な店頭回収もご利用ください,ひ
燃えないごみ,ＦＡＸ付き電話,「燃えないごみ」または資源として市役所、東部・西部出張所の回収ボックスへ。最大辺が50cmを超えるものは「粗大ごみ」,ふ
燃えるごみ,フィルム(ネガ),,ふ
燃えないごみ,フィルム(ネガ)のケース,,ふ
燃えないごみ,フィルムカメラ,「燃えないごみ」または資源として市役所、東部・西部出張所の回収ボックスへ,ふ
燃えるごみ,フィルム状のプラスチック,,ふ
燃えないごみ,風鈴,,ふ
燃えないごみ,フォーク(食器・金属製),,ふ
燃えるごみ,複写紙(伝票など),,ふ
燃えるごみ,プチプチのシート(緩衝材),,ふ
燃えるごみ,筆,,ふ
燃えるごみ,武道着,,ふ
新聞紙、雑誌・雑がみ、段ボール、シュレッダーくず、古布類、ふとん,ふとん(綿・羊毛・化繊・羽毛),たたんで十字にしばって出す。大量に出る場合は、何回かに分けて出す,ふ
燃えないごみ,ふとん乾燥機,最大辺が50cmを超えるものは「粗大ごみ」（インターネット受付不可）,ふ
ビン、カン、ペットボトル、プラスチック容器（資源）,フライパン,取っ手が木やプラスチックでも資源,ふ
燃えないごみ,プランター,最大辺が50cmを超えるものは「粗大ごみ」（インターネット受付不可）,ふ
新聞紙、雑誌・雑がみ、段ボール、シュレッダーくず、古布類、ふとん,フリース,汚れのひどいものは「燃えるごみ」,ふ
ビン、カン、ペットボトル、プラスチック容器（資源）,プリンの容器,食べ残しをぼろきれでふき取るか、水でかるくすすぐ,ふ
燃えるごみ,ブルーシート,50cm×50cm以下に切断して出す,ふ
燃えないごみ,フロッピーディスク,,ふ
燃えないごみ,文鎮,,ふ
燃えないごみ,ヘアーアイロン,「燃えないごみ」または資源として市役所、東部・西部出張所の回収ボックスへ,へ
燃えないごみ,ヘアードライヤー,「燃えないごみ」または資源として市役所、東部・西部出張所の回収ボックスへ,へ
燃えないごみ,ヘアーブラシ,,へ
燃えるごみ,ペット砂・猫砂(紙製・粘土鉱物),原材料を確認。単純な砂の場合は市には出せません,へ
ビン、カン、ペットボトル、プラスチック容器（資源）,ペットボトル,水でかるくすすぐ(ラベルをはがす必要はありません)。フタ(キャップ)は取り外して「プラスチック容器(資源)」へ。スーパーなどの自主的な店頭回収もご利用ください,へ
ビン、カン、ペットボトル、プラスチック容器（資源）,ペットボトルのフタ,スーパーなどの自主的な店頭回収もご利用ください,へ
燃えないごみ,ヘッドホン,「燃えないごみ」または資源として市役所、東部・西部出張所の回収ボックスへ,へ
ビン、カン、ペットボトル、プラスチック容器（資源）,ベビーフードのカン,食べ残しをぼろきれでふき取るか、水でかるくすすぐ。金属のフタは同じ袋にスーパーなどの自主的な店頭回収もご利用ください,へ
ビン、カン、ペットボトル、プラスチック容器（資源）,ベビーフードのビン,食べ残しをぼろきれでふき取るか、水でかるくすすぐ(ラベルをはがす必要はありません)。フタは取り外し、素材によって「カン(資源)」「燃えないごみ」「プラスチック容器(資源)」に出してください。スーパーなどの自主的な店頭回収もご利用ください,へ
燃えないごみ,ヘルスメーター(機械式),,へ
燃えないごみ,ヘルスメーター(デジタル式),「燃えないごみ」または資源として市役所、東部・西部出張所の回収ボックスへ。電池は取り除き、「電池(資源)」へ。充電式電池はリサイクル協力店(電気店など)の回収ボックスへ,へ
新聞紙、雑誌・雑がみ、段ボール、シュレッダーくず、古布類、ふとん,ベルト,リユース可能なもの（汚れたり、やぶれたり、こわれたりしていないもの）のみ,へ
燃えないごみ,ヘルメット,,へ
燃えないごみ,ペン(マジック・ボールペン),,へ
ビン、カン、ペットボトル、プラスチック容器（資源）,弁当の容器,食べ残しをぼろきれでふき取るか、水でかるくすすぐ。スーパーなどの自主的な店頭回収もご利用ください,へ
燃えないごみ,弁当箱(商品として売っているもの),,へ
燃えないごみ,ホース(ビニール・ゴム製)、ホースリール,長いホースはなるべく短く切って出してください,ほ
燃えないごみ,ポータブルカーナビ,「燃えないごみ」または資源として市役所、東部・西部出張所の回収ボックスへ,ほ
燃えないごみ,ポータブルビデオカメラ,「燃えないごみ」または資源として市役所、東部・西部出張所の回収ボックスへ。電池は取り除き、「電池(資源)」へ。充電式電池はリサイクル協力店(電気店など)の回収ボックスへ,ほ
燃えないごみ,ボール(スポーツ用),,ほ
燃えないごみ,ボールペン(プラスチック製),,ほ
ビン、カン、ペットボトル、プラスチック容器（資源）,ホーロー鍋,取っ手が木やプラスチックでも資源,ほ
燃えるごみ,ほうき(竹製),,ほ
燃えないごみ,ほうき(プラスチック製),,ほ
ビン、カン、ペットボトル、プラスチック容器（資源）,芳香剤の容器,中身を取り除き、ぼろきれでふき取るか、水でかるくすすぐ,ほ
新聞紙、雑誌・雑がみ、段ボール、シュレッダーくず、古布類、ふとん,帽子,リユース可能なもの（汚れたり、やぶれたり、こわれたりしていないもの）のみ。麦わらぼうし、ニット帽は「燃えるごみ」,ほ
新聞紙、雑誌・雑がみ、段ボール、シュレッダーくず、古布類、ふとん,包装袋(紙製),,ほ
燃えるごみ,包装袋(プラスチック製),,ほ
燃えないごみ,包丁,布等で巻き「刃物」と書く,ほ
燃えないごみ,包丁砥ぎ器,,ほ
燃えないごみ,ボウル(台所用),,ほ
燃えるごみ,木刀(竹刀),5本以上出す場合は「粗大ごみ」,ほ
燃えないごみ,歩行器(乳児用),最大辺が50cmを超えるものは「粗大ごみ」,ほ
ビン、カン、ペットボトル、プラスチック容器（資源）,ボタン電池,おもちゃや電化製品などからも必ず抜く,ほ
燃えないごみ,補聴器,「燃えないごみ」または資源として市役所、東部・西部出張所の回収ボックスへ。電池は取り除き、「電池(資源)」へ。充電式電池はリサイクル協力店(電気店など)の回収ボックスへ,ほ
燃えないごみ,ホッチキス,,ほ
燃えないごみ,ホッチキスの針,雑誌・雑がみについているものを取る必要はありません,ほ
燃えないごみ,ポット(電気ポット・魔法瓶),,ほ
燃えるごみ,ホットカーペット,1畳(180cm×90cm)を超える場合は「粗大ごみ」,ほ
燃えないごみ,ホットプレート,最大辺が50cmを超えるものは「粗大ごみ」（インターネット受付不可）,ほ
燃えるごみ,ポテトチップの袋,,ほ
燃えないごみ,ほ乳びん,,ほ
燃えないごみ,ポリタンク(18リットル未満),18リットル以上のものは「粗大ごみ」,ほ
燃えないごみ,ポリ容器(ポリバケツなど),最大辺が50cmを超えるものは「粗大ごみ」（インターネット受付不可）,ほ
燃えるごみ,保冷剤(ジェル状),中身が水のものは、水を抜いてから出す,ほ
新聞紙、雑誌・雑がみ、段ボール、シュレッダーくず、古布類、ふとん,本,カバーや表紙にビニール類やラミネート加工紙など、紙以外のものが使われていたら取り除く,ほ
燃えないごみ,麻雀パイ,,ま
燃えないごみ,マイク,電池は取り除き、「電池(資源)」へ。充電式電池はリサイクル協力店(電気店など)の回収ボックスへ,ま
燃えないごみ,マウス(コンピュ－タ用),単独で排出する場合のみ。本体と一緒に出す場合はメーカー回収に出してください,ま
燃えないごみ,マグネット(磁石),,ま
燃えるごみ,まくら(綿・ウレタン・そばがら),,ま
燃えないごみ,まくら(プラスチック製),,ま
新聞紙、雑誌・雑がみ、段ボール、シュレッダーくず、古布類、ふとん,窓付き封筒,セロハンは取り除いて「燃えるごみ」,ま
燃えないごみ,まな板(プラスチック製),,ま
燃えるごみ,まな板(木製),,ま
新聞紙、雑誌・雑がみ、段ボール、シュレッダーくず、古布類、ふとん,マフラー(身に着けるもの),汚れのひどいものは「燃えるごみ」,ま
燃えないごみ,魔法瓶,,ま
燃えないごみ,豆電球,,ま
燃えないごみ,マヨネーズの容器(チューブ),中が洗えないため,ま
新聞紙、雑誌・雑がみ、段ボール、シュレッダーくず、古布類、ふとん,マンガ(雑誌・本),,ま
燃えないごみ,万年筆,,ま
燃えないごみ,ミニカー(玩具),,み
燃えないごみ,ミニカー(乗用玩具),最大辺が50cmを越えるものは「粗大ごみ」（インターネット受付不可）。電池は取り除き、「電池(資源)」へ。充電式電池はリサイクル協力店(電気店など)の回収ボックスへ,み
燃えるごみ,耳かき(木・竹製),,み
燃えないごみ,耳かき(プラスチック製),,み
ビン、カン、ペットボトル、プラスチック容器（資源）,ミルクの缶,ぼろきれでふき取るか、水でかるくすすぐ。フタは取り外し、素材によって「カン(資源)」「燃えないごみ」「プラスチック容器(資源)」に出してください。スーパーなどの自主的な店頭回収もご利用ください,み
燃えないごみ,メモリーカード,「燃えないごみ」または資源として市役所、東部・西部出張所の回収ボックスへ,め
燃えないごみ,めがね,,め
燃えないごみ,目覚まし時計,「燃えないごみ」または資源として市役所、東部・西部出張所の回収ボックスへ。電池は取り除き、「電池(資源)」へ。充電式電池はリサイクル協力店(電気店など)の回収ボックスへ,め
燃えないごみ,メジャー(巻尺),,め
新聞紙、雑誌・雑がみ、段ボール、シュレッダーくず、古布類、ふとん,毛布,汚れのひどいものは「燃えるごみ」,も
燃えないごみ,もちつき器(電気式),最大辺が50cmを超えるものは「粗大ごみ」（インターネット受付不可）,も
燃えるごみ,モップ(木製),,も
燃えないごみ,モップ(プラスチック製),,も
ビン、カン、ペットボトル、プラスチック容器（資源）,やかん,取っ手が木やプラスチックでも資源,や
燃えないごみ,焼き物(陶磁器),陶磁器製の食器は「陶磁器食器のリサイクル」にお持ちいただくと資源になります（回収日の日時と場所は、市のホームページおよび市報でご案内します),や
燃えないごみ,薬品のビン,中身が入っている場合は市には出せません,や
燃えるごみ,柳行李(やなぎごうり),最大辺が50cmを越えるものは「粗大ごみ」,や
燃えないごみ,USBメモリ,「燃えないごみ」または資源として市役所、東部・西部出張所の回収ボックスへ,ゆ
新聞紙、雑誌・雑がみ、段ボール、シュレッダーくず、古布類、ふとん,浴衣(ゆかた),汚れのひどいものは「燃えるごみ」,ゆ
燃えないごみ,湯たんぽ,,ゆ
ビン、カン、ペットボトル、プラスチック容器（資源）,ヨーグルトの容器,食べ残しをぼろきれでふき取るか、水でかるくすすぐ,よ
燃えるごみ,よしず,1畳(180cm×90cm)を超える場合は「粗大ごみ」(インターネット受付不可),よ
ビン、カン、ペットボトル、プラスチック容器（資源）,ライター,使い切ってから、ライターだけを袋に入れて出す(他の資源と混ぜない),ら
燃えないごみ,ラケット(金属製),,ら
燃えるごみ,ラケット(木製),,ら
燃えないごみ,ラジオ,「燃えないごみ」または資源として市役所、東部・西部出張所の回収ボックスへ。電池は取り除き、「電池(資源)」へ。充電式電池はリサイクル協力店(電気店など)の回収ボックスへ,ら
燃えないごみ,ラジカセ,最大辺が50cmを越えるものは「粗大ごみ」。電池は取り除き、「電池(資源)」へ。充電式電池はリサイクル協力店(電気店など)の回収ボックスへ,ら
燃えるごみ,ラップ,,ら
新聞紙、雑誌・雑がみ、段ボール、シュレッダーくず、古布類、ふとん,ラップの芯・ラップの箱,金具は取り外して「燃えないごみ」,ら
燃えるごみ,ラミネート加工紙,,ら
燃えないごみ,ランチジャー,,ら
燃えないごみ,ランドセル(学生かばん),,ら
燃えないごみ,ランプ,,ら
燃えないごみ,リコーダー(プラスチック製),,り
燃えないごみ,リモコン(ビデオデッキなど),「燃えないごみ」または資源として市役所、東部・西部出張所の回収ボックスへ。電池は取り除き、「電池(資源)」へ。充電式電池はリサイクル協力店(電気店など)の回収ボックスへ,り
新聞紙、雑誌・雑がみ、段ボール、シュレッダーくず、古布類、ふとん,リュックサック,リユース可能なもの（汚れたり、やぶれたり、こわれたりしていないもの）のみ,り
新聞紙、雑誌・雑がみ、段ボール、シュレッダーくず、古布類、ふとん,レースのカーテン,汚れのひどいものは「燃えるごみ」,れ
燃えるごみ,レインコート・カッパ,レインコートは、ビニール製以外のものは「古布類(資源)」。汚れのひどいものは「燃えるごみ」,れ
燃えないごみ,レコード,ジャケットは「雑誌(本)・雑がみ(資源)」または「燃えるごみ」。中古レコード店で買い取る可能性があります,れ
燃えるごみ,レシート(感熱紙),,れ
燃えるごみ,レジ袋・ビニール袋,マイバッグ持参にご協力を,れ
燃えるごみ,レトルト食品のパック,,れ
燃えないごみ,レンズ(カメラ),,れ
燃えるごみ,ろうそく,,ろ
燃えないごみ,ローラースケート・インラインスケート,,ろ
燃えるごみ,ロウびきの段ボール,,ろ
新聞紙、雑誌・雑がみ、段ボール、シュレッダーくず、古布類、ふとん,ワイシャツ,汚れのひどいものは「燃えるごみ」,わ
燃えるごみ,輪ゴム,,わ
新聞紙、雑誌・雑がみ、段ボール、シュレッダーくず、古布類、ふとん,綿ふとん,たたんで十字にしばって出す。大量に出る場合は、何回かに分けて出す,わ
燃えるごみ,枝(木)(直径10cm以下),長さ50cm×直径30cm以下の束にし、1回の収集で5束までは「燃えるごみ」。長さや量がこれを超える場合は「粗大ごみ」(インターネット受付不可、業者がせん定したものは市には出せません),え
燃えるごみ,せん定枝(直径10cm以下),長さ50cm×直径30cm以下の束にし、1回の収集で5束までは「燃えるごみ」。長さや量がこれを超える場合は「粗大ごみ」(インターネット受付不可、業者がせん定したものは市には出せません),せ
燃えないごみ,割れたビン・ガラス・コップ,厚いビニール袋に入れるか新聞紙に包み、「ガラス」と書く。通行人や収集作業員がケガをしないようにご協力を,わ
